Year,Make,Model,Quantity,Country
2010,Audi ,Audi A3,635,Germany
2013,Audi ,Audi A3,1211,Germany
2014,Audi ,Audi A3,2151,Germany
2015,Audi ,Audi A3,2419,Germany
2016,Audi ,Audi A3,3233,Germany
2010,Audi ,Audi A4,3276,Germany
2011,Audi ,Audi A4,2175,Germany
2012,Audi ,Audi A4,1543,Germany
2013,Audi ,Audi A4,2179,Germany
2016,Audi ,Audi A4,1128,Germany
2012,Audi ,Audi Q3,159,Germany
2013,Audi ,Audi Q3,59,Germany
2012,BMW ,BMW 1-serie,133,Germany
2013,BMW ,BMW 1-serie,740,Germany
2015,BMW ,BMW 2-serie,48,Germany
2016,BMW ,BMW 2-serie,1433,Germany
2012,BMW ,BMW 3-serie,358,Germany
2013,BMW ,BMW 3-serie,1192,Germany
2014,BMW ,BMW 3-serie,2235,Germany
2015,BMW ,BMW 3-serie,254,Germany
2016,BMW ,BMW 3-serie,823,Germany
2014,BMW ,BMW i3,2336,Germany
2015,BMW ,BMW i3,1109,Germany
2016,BMW ,BMW i3,2094,Germany
2011,BMW ,BMW X1,168,Germany
2013,BMW ,BMW X1,65,Germany
2015,BMW ,BMW X1,98,Germany
2016,BMW ,BMW X1,1018,Germany
2011,BMW ,BMW X3,145,Germany
2012,BMW ,BMW X3,2037,Germany
2013,BMW ,BMW X3,1095,Germany
2014,BMW ,BMW X3,386,Germany
2015,BMW ,BMW X3,309,Germany
2016,BMW ,BMW X3,441,Germany
2015,BMW ,BMW X5,59,Germany
2016,BMW ,BMW X5,770,Germany
2010,Ford ,Ford Fiesta,3308,U.S.A
2013,Ford ,Ford Fiesta,251,U.S.A
2015,Ford ,Ford Fiesta,205,U.S.A
2016,Ford ,Ford Fiesta,501,U.S.A
2010,Ford ,Ford Focus,1766,U.S.A
2011,Ford ,Ford Focus,3021,U.S.A
2012,Ford ,Ford Focus,2551,U.S.A
2013,Ford ,Ford Focus,3017,U.S.A
2014,Ford ,Ford Focus,2066,U.S.A
2015,Ford ,Ford Focus,3143,U.S.A
2016,Ford ,Ford Focus,541,U.S.A
2012,Ford ,Ford Kuga,114,U.S.A
2013,Ford ,Ford Kuga,571,U.S.A
2014,Ford ,Ford Kuga,152,U.S.A
2015,Ford ,Ford Kuga,347,U.S.A
2016,Ford ,Ford Kuga,396,U.S.A
2010,Ford ,Ford Mondeo,2426,U.S.A
2011,Ford ,Ford Mondeo,2845,U.S.A
2012,Ford ,Ford Mondeo,2182,U.S.A
2013,Ford ,Ford Mondeo,548,U.S.A
2015,Ford ,Ford Mondeo,2124,U.S.A
2016,Ford ,Ford Mondeo,1211,U.S.A
2012,Ford ,Ford S-Max,140,U.S.A
2013,Ford ,Ford S-Max,101,U.S.A
2015,Ford ,Ford S-Max,121,U.S.A
2016,Ford ,Ford S-Max,953,U.S.A
2012,Honda ,Honda CR-V,238,Japan
2013,Honda ,Honda CR-V,2204,Japan
2013,Hyundai ,Hyundai i20,233,Korea
2015,Hyundai ,Hyundai i20,417,Korea
2012,Hyundai ,Hyundai i30,252,Korea
2013,Hyundai ,Hyundai ix35,70,Korea
2016,Hyundai ,Hyundai Tucson,295,Korea
2012,Kia ,Kia cee'd,146,Korea
2013,Kia ,Kia cee'd,59,Korea
2016,Kia ,Kia Soul,262,Korea
2012,Kia ,Kia Sportage,954,Korea
2013,Kia ,Kia Sportage,775,Korea
2015,Kia ,Kia Sportage,271,Korea
2016,Kia ,Kia Sportage,441,Korea
2016,Mazda ,Mazda CX-3,2250,Japan
2012,Mazda ,Mazda CX-5,604,Japan
2013,Mazda ,Mazda CX-5,4090,Japan
2014,Mazda ,Mazda CX-5,3606,Japan
2015,Mazda ,Mazda CX-5,2352,Japan
2016,Mazda ,Mazda CX-5,2023,Japan
2012,Mercedes-Benz ,Mercedes-Benz A-klasse,131,Germany
2013,Mercedes-Benz ,Mercedes-Benz A-klasse,2081,Germany
2012,Mercedes-Benz ,Mercedes-Benz B-klasse,309,Germany
2013,Mercedes-Benz ,Mercedes-Benz B-klasse,86,Germany
2015,Mercedes-Benz ,Mercedes-Benz B-klasse,1333,Germany
2016,Mercedes-Benz ,Mercedes-Benz B-klasse,3111,Germany
2012,Mercedes-Benz ,Mercedes-Benz C-klasse,146,Germany
2013,Mercedes-Benz ,Mercedes-Benz C-klasse,63,Germany
2015,Mercedes-Benz ,Mercedes-Benz C-klasse,2178,Germany
2016,Mercedes-Benz ,Mercedes-Benz C-klasse,2159,Germany
2013,Mercedes-Benz ,Mercedes-Benz CLA,162,Germany
2015,Mercedes-Benz ,Mercedes-Benz E-klasse,48,Germany
2016,Mercedes-Benz ,Mercedes-Benz E-klasse,423,Germany
2013,Mercedes-Benz ,Mercedes-Benz GLK,64,Germany
2011,Mitsubishi ,Mitsubishi ASX,2002,Japan
2012,Mitsubishi ,Mitsubishi ASX,2334,Japan
2013,Mitsubishi ,Mitsubishi ASX,155,Japan
2010,Mitsubishi ,Mitsubishi Outlander,2033,Japan
2012,Mitsubishi ,Mitsubishi Outlander,192,Japan
2013,Mitsubishi ,Mitsubishi Outlander,2392,Japan
2014,Mitsubishi ,Mitsubishi Outlander,1774,Japan
2015,Mitsubishi ,Mitsubishi Outlander,2326,Japan
2016,Mitsubishi ,Mitsubishi Outlander,4212,Japan
2011,Nissan ,Nissan Leaf,13,Japan
2012,Nissan ,Nissan Leaf,2100,Japan
2013,Nissan ,Nissan Leaf,4037,Japan
2014,Nissan ,Nissan Leaf,5223,Japan
2015,Nissan ,Nissan Leaf,3009,Japan
2016,Nissan ,Nissan Leaf,3084,Japan
2010,Nissan ,Nissan Qashqai,2279,Japan
2011,Nissan ,Nissan Qashqai,3303,Japan
2012,Nissan ,Nissan Qashqai,3231,Japan
2013,Nissan ,Nissan Qashqai,3277,Japan
2014,Nissan ,Nissan Qashqai,3292,Japan
2015,Nissan ,Nissan Qashqai,3119,Japan
2016,Nissan ,Nissan X-Trail,2712,Japan
2010,Opel ,Opel Astra,1202,Germany
2011,Opel ,Opel Astra,2168,Germany
2015,Opel ,Opel Astra,61,Germany
2016,Opel ,Opel Astra,589,Germany
2013,Opel ,Opel Insignia,578,Germany
2016,Opel ,Opel Mokka,144,Germany
2013,Peugeot ,Peugeot 2008,72,France
2014,Peugeot ,Peugeot 2008,383,France
2016,Peugeot ,Peugeot 2008,260,France
2010,Peugeot ,Peugeot 207,171,France
2012,Peugeot ,Peugeot 208,333,France
2013,Peugeot ,Peugeot 208,1194,France
2010,Peugeot ,Peugeot 3008,3165,France
2011,Peugeot ,Peugeot 3008,1167,France
2010,Peugeot ,Peugeot 308,311,France
2014,Peugeot ,Peugeot 308,560,France
2015,Peugeot ,Peugeot 308,1468,France
2016,Peugeot ,Peugeot 308,1176,France
2011,Peugeot ,Peugeot 508,1391,France
2012,Peugeot ,Peugeot 508,186,France
2012,Peugeot ,Peugeot 508,169,France
2012,Peugeot ,Peugeot 508,133,France
2012,Peugeot ,Peugeot 508,128,France
2012,Peugeot ,Peugeot 508,198,France
2012,Peugeot ,Peugeot 508,156,France
2013,Peugeot ,Peugeot 508,180,France
2013,Peugeot ,Peugeot 508,137,France
2015,Renault ,Renault Zoe,228,France
2015,Renault ,Renault Zoe,154,France
2015,Renault ,Renault Zoe,431,France
2015,Renault ,Renault Zoe,24,France
2016,Renault ,Renault Zoe,197,France
2016,Renault ,Renault Zoe,50,France
2016,Renault ,Renault Zoe,291,France
2016,Renault ,Renault Zoe,230,France
2016,Renault ,Renault Zoe,64,France
2016,Renault ,Renault Zoe,398,France
2016,Renault ,Renault Zoe,79,France
2016,Renault ,Renault Zoe,15,France
2016,Renault ,Renault Zoe,158,France
2016,Renault ,Renault Zoe,161,France
2016,Renault ,Renault Zoe,100,France
2016,Skoda ,Skoda Fabia,63,Germany
2016,Skoda ,Skoda Fabia,71,Germany
2010,Skoda ,Skoda Octavia,197,Germany
2010,Skoda ,Skoda Octavia,272,Germany
2010,Skoda ,Skoda Octavia,278,Germany
2010,Skoda ,Skoda Octavia,272,Germany
2010,Skoda ,Skoda Octavia,178,Germany
2010,Skoda ,Skoda Octavia,263,Germany
2010,Skoda ,Skoda Octavia,282,Germany
2010,Skoda ,Skoda Octavia,177,Germany
2010,Skoda ,Skoda Octavia,258,Germany
2010,Skoda ,Skoda Octavia,258,Germany
2010,Skoda ,Skoda Octavia,323,Germany
2010,Skoda ,Skoda Octavia,256,Germany
2011,Skoda ,Skoda Octavia,257,Germany
2011,Skoda ,Skoda Octavia,278,Germany
2011,Skoda ,Skoda Octavia,209,Germany
2011,Skoda ,Skoda Octavia,238,Germany
2011,Skoda ,Skoda Octavia,241,Germany
2011,Skoda ,Skoda Octavia,245,Germany
2011,Skoda ,Skoda Octavia,283,Germany
2011,Skoda ,Skoda Octavia,274,Germany
2011,Skoda ,Skoda Octavia,331,Germany
2011,Skoda ,Skoda Octavia,357,Germany
2011,Skoda ,Skoda Octavia,257,Germany
2011,Skoda ,Skoda Octavia,321,Germany
2012,Skoda ,Skoda Octavia,219,Germany
2012,Skoda ,Skoda Octavia,210,Germany
2012,Skoda ,Skoda Octavia,297,Germany
2012,Skoda ,Skoda Octavia,220,Germany
2012,Skoda ,Skoda Octavia,274,Germany
2012,Skoda ,Skoda Octavia,356,Germany
2012,Skoda ,Skoda Octavia,217,Germany
2012,Skoda ,Skoda Octavia,179,Germany
2012,Skoda ,Skoda Octavia,255,Germany
2012,Skoda ,Skoda Octavia,190,Germany
2012,Skoda ,Skoda Octavia,252,Germany
2013,Skoda ,Skoda Octavia,243,Germany
2013,Skoda ,Skoda Octavia,252,Germany
2013,Skoda ,Skoda Octavia,187,Germany
2013,Skoda ,Skoda Octavia,184,Germany
2013,Skoda ,Skoda Octavia,236,Germany
2013,Skoda ,Skoda Octavia,324,Germany
2013,Skoda ,Skoda Octavia,444,Germany
2013,Skoda ,Skoda Octavia,540,Germany
2013,Skoda ,Skoda Octavia,524,Germany
2013,Skoda ,Skoda Octavia,510,Germany
2014,Skoda ,Skoda Octavia,378,Germany
2014,Skoda ,Skoda Octavia,308,Germany
2014,Skoda ,Skoda Octavia,301,Germany
2014,Skoda ,Skoda Octavia,398,Germany
2014,Skoda ,Skoda Octavia,412,Germany
2014,Skoda ,Skoda Octavia,381,Germany
2014,Skoda ,Skoda Octavia,336,Germany
2014,Skoda ,Skoda Octavia,354,Germany
2014,Skoda ,Skoda Octavia,323,Germany
2014,Skoda ,Skoda Octavia,483,Germany
2014,Skoda ,Skoda Octavia,361,Germany
2014,Skoda ,Skoda Octavia,392,Germany
2015,Skoda ,Skoda Octavia,289,Germany
2015,Skoda ,Skoda Octavia,362,Germany
2015,Skoda ,Skoda Octavia,411,Germany
2015,Skoda ,Skoda Octavia,460,Germany
2015,Skoda ,Skoda Octavia,329,Germany
2015,Skoda ,Skoda Octavia,358,Germany
2015,Skoda ,Skoda Octavia,343,Germany
2015,Skoda ,Skoda Octavia,372,Germany
2015,Skoda ,Skoda Octavia,311,Germany
2015,Skoda ,Skoda Octavia,386,Germany
2015,Skoda ,Skoda Octavia,310,Germany
2015,Skoda ,Skoda Octavia,349,Germany
2016,Skoda ,Skoda Octavia,213,Germany
2016,Skoda ,Skoda Octavia,399,Germany
2016,Skoda ,Skoda Octavia,285,Germany
2016,Skoda ,Skoda Octavia,383,Germany
2016,Skoda ,Skoda Octavia,344,Germany
2016,Skoda ,Skoda Octavia,328,Germany
2016,Skoda ,Skoda Octavia,301,Germany
2016,Skoda ,Skoda Octavia,270,Germany
2016,Skoda ,Skoda Octavia,315,Germany
2016,Skoda ,Skoda Octavia,322,Germany
2016,Skoda ,Skoda Octavia,348,Germany
2016,Skoda ,Skoda Octavia,287,Germany
2013,Skoda ,Skoda Rapid,63,Germany
2012,Skoda ,Skoda Superb,127,Germany
2012,Skoda ,Skoda Superb,131,Germany
2013,Skoda ,Skoda Superb,112,Germany
2013,Skoda ,Skoda Superb,64,Germany
2015,Skoda ,Skoda Superb,55,Germany
2015,Skoda ,Skoda Superb,61,Germany
2016,Skoda ,Skoda Superb,186,Germany
2016,Skoda ,Skoda Superb,218,Germany
2016,Skoda ,Skoda Superb,188,Germany
2016,Skoda ,Skoda Superb,186,Germany
2016,Skoda ,Skoda Superb,217,Germany
2016,Skoda ,Skoda Superb,168,Germany
2016,Skoda ,Skoda Superb,148,Germany
2016,Skoda ,Skoda Superb,122,Germany
2016,Skoda ,Skoda Superb,167,Germany
2016,Skoda ,Skoda Superb,167,Germany
2016,Skoda ,Skoda Superb,148,Germany
2016,Skoda ,Skoda Superb,97,Germany
2013,Skoda ,Skoda Yeti,65,Germany
2013,Subaru ,Subaru Forester,134,U.S.A
2012,Subaru ,Subaru XV,182,U.S.A
2012,Subaru ,Subaru XV,263,U.S.A
2012,Subaru ,Subaru XV,272,U.S.A
2012,Subaru ,Subaru XV,319,U.S.A
2012,Subaru ,Subaru XV,212,U.S.A
2012,Subaru ,Subaru XV,168,U.S.A
2012,Subaru ,Subaru XV,80,U.S.A
2011,Suzuki ,Suzuki Swift,199,Japan
2011,Suzuki ,Suzuki Swift,124,Japan
2011,Suzuki ,Suzuki Swift,212,Japan
2011,Suzuki ,Suzuki Swift,128,Japan
2011,Suzuki ,Suzuki Swift,101,Japan
2012,Suzuki ,Suzuki Swift,158,Japan
2010,Suzuki ,Suzuki SX4,164,Japan
2011,Suzuki ,Suzuki SX4,171,Japan
2013,Suzuki ,Suzuki SX4,132,Japan
2013,Suzuki ,Suzuki SX4,211,Japan
2014,Suzuki ,Suzuki SX4,314,Japan
2014,Suzuki ,Suzuki SX4,209,Japan
2014,Suzuki ,Suzuki SX4,168,Japan
2014,Suzuki ,Suzuki SX4,165,Japan
2014,Suzuki ,Suzuki SX4,163,Japan
2014,Suzuki ,Suzuki SX4,135,Japan
2014,Suzuki ,Suzuki SX4,174,Japan
2014,Suzuki ,Suzuki SX4,142,Japan
2014,Suzuki ,Suzuki SX4,196,Japan
2014,Suzuki ,Suzuki SX4,208,Japan
2014,Suzuki ,Suzuki SX4,150,Japan
2014,Suzuki ,Suzuki SX4,121,Japan
2015,Suzuki ,Suzuki SX4,170,Japan
2015,Suzuki ,Suzuki SX4,185,Japan
2015,Suzuki ,Suzuki SX4,187,Japan
2015,Suzuki ,Suzuki Vitara,60,Japan
2015,Suzuki ,Suzuki Vitara,58,Japan
2016,Suzuki ,Suzuki Vitara,219,Japan
2016,Suzuki ,Suzuki Vitara,156,Japan
2016,Suzuki ,Suzuki Vitara,181,Japan
2016,Suzuki ,Suzuki Vitara,154,Japan
2016,Suzuki ,Suzuki Vitara,93,Japan
2016,Suzuki ,Suzuki Vitara,95,Japan
2016,Suzuki ,Suzuki Vitara,128,Japan
2013,Tesla ,Tesla Model S,616,U.S.A
2013,Tesla ,Tesla Model S,553,U.S.A
2014,Tesla ,Tesla Model S,431,U.S.A
2014,Tesla ,Tesla Model S,1493,U.S.A
2014,Tesla ,Tesla Model S,171,U.S.A
2014,Tesla ,Tesla Model S,371,U.S.A
2014,Tesla ,Tesla Model S,536,U.S.A
2014,Tesla ,Tesla Model S,114,U.S.A
2014,Tesla ,Tesla Model S,183,U.S.A
2014,Tesla ,Tesla Model S,104,U.S.A
2014,Tesla ,Tesla Model S,36,U.S.A
2014,Tesla ,Tesla Model S,202,U.S.A
2014,Tesla ,Tesla Model S,267,U.S.A
2015,Tesla ,Tesla Model S,321,U.S.A
2015,Tesla ,Tesla Model S,1140,U.S.A
2015,Tesla ,Tesla Model S,230,U.S.A
2015,Tesla ,Tesla Model S,346,U.S.A
2015,Tesla ,Tesla Model S,566,U.S.A
2015,Tesla ,Tesla Model S,222,U.S.A
2015,Tesla ,Tesla Model S,220,U.S.A
2015,Tesla ,Tesla Model S,127,U.S.A
2015,Tesla ,Tesla Model S,198,U.S.A
2015,Tesla ,Tesla Model S,225,U.S.A
2015,Tesla ,Tesla Model S,373,U.S.A
2016,Tesla ,Tesla Model S,105,U.S.A
2016,Tesla ,Tesla Model S,113,U.S.A
2016,Tesla ,Tesla Model S,487,U.S.A
2016,Tesla ,Tesla Model S,96,U.S.A
2016,Tesla ,Tesla Model S,156,U.S.A
2016,Tesla ,Tesla Model S,284,U.S.A
2016,Tesla ,Tesla Model S,43,U.S.A
2016,Tesla ,Tesla Model S,170,U.S.A
2016,Tesla ,Tesla Model S,247,U.S.A
2016,Tesla ,Tesla Model S,39,U.S.A
2016,Tesla ,Tesla Model S,48,U.S.A
2016,Tesla ,Tesla Model S,263,U.S.A
2010,Toyota ,Toyota Auris,190,Japan
2010,Toyota ,Toyota Auris,149,Japan
2010,Toyota ,Toyota Auris,230,Japan
2010,Toyota ,Toyota Auris,192,Japan
2010,Toyota ,Toyota Auris,212,Japan
2010,Toyota ,Toyota Auris,256,Japan
2010,Toyota ,Toyota Auris,306,Japan
2010,Toyota ,Toyota Auris,254,Japan
2010,Toyota ,Toyota Auris,403,Japan
2010,Toyota ,Toyota Auris,273,Japan
2010,Toyota ,Toyota Auris,270,Japan
2010,Toyota ,Toyota Auris,142,Japan
2011,Toyota ,Toyota Auris,409,Japan
2011,Toyota ,Toyota Auris,283,Japan
2011,Toyota ,Toyota Auris,322,Japan
2011,Toyota ,Toyota Auris,270,Japan
2011,Toyota ,Toyota Auris,259,Japan
2011,Toyota ,Toyota Auris,141,Japan
2011,Toyota ,Toyota Auris,236,Japan
2011,Toyota ,Toyota Auris,243,Japan
2011,Toyota ,Toyota Auris,229,Japan
2011,Toyota ,Toyota Auris,307,Japan
2011,Toyota ,Toyota Auris,301,Japan
2011,Toyota ,Toyota Auris,129,Japan
2012,Toyota ,Toyota Auris,184,Japan
2012,Toyota ,Toyota Auris,219,Japan
2012,Toyota ,Toyota Auris,263,Japan
2012,Toyota ,Toyota Auris,208,Japan
2012,Toyota ,Toyota Auris,299,Japan
2012,Toyota ,Toyota Auris,208,Japan
2012,Toyota ,Toyota Auris,245,Japan
2012,Toyota ,Toyota Auris,171,Japan
2012,Toyota ,Toyota Auris,173,Japan
2012,Toyota ,Toyota Auris,224,Japan
2012,Toyota ,Toyota Auris,199,Japan
2012,Toyota ,Toyota Auris,162,Japan
2013,Toyota ,Toyota Auris,410,Japan
2013,Toyota ,Toyota Auris,400,Japan
2013,Toyota ,Toyota Auris,431,Japan
2013,Toyota ,Toyota Auris,397,Japan
2013,Toyota ,Toyota Auris,269,Japan
2013,Toyota ,Toyota Auris,257,Japan
2013,Toyota ,Toyota Auris,459,Japan
2013,Toyota ,Toyota Auris,511,Japan
2013,Toyota ,Toyota Auris,679,Japan
2013,Toyota ,Toyota Auris,525,Japan
2013,Toyota ,Toyota Auris,311,Japan
2014,Toyota ,Toyota Auris,563,Japan
2014,Toyota ,Toyota Auris,453,Japan
2014,Toyota ,Toyota Auris,472,Japan
2014,Toyota ,Toyota Auris,418,Japan
2014,Toyota ,Toyota Auris,408,Japan
2014,Toyota ,Toyota Auris,399,Japan
2014,Toyota ,Toyota Auris,456,Japan
2014,Toyota ,Toyota Auris,461,Japan
2014,Toyota ,Toyota Auris,537,Japan
2014,Toyota ,Toyota Auris,480,Japan
2014,Toyota ,Toyota Auris,381,Japan
2014,Toyota ,Toyota Auris,357,Japan
2015,Toyota ,Toyota Auris,313,Japan
2015,Toyota ,Toyota Auris,365,Japan
2015,Toyota ,Toyota Auris,486,Japan
2015,Toyota ,Toyota Auris,509,Japan
2015,Toyota ,Toyota Auris,352,Japan
2015,Toyota ,Toyota Auris,336,Japan
2015,Toyota ,Toyota Auris,294,Japan
2015,Toyota ,Toyota Auris,412,Japan
2015,Toyota ,Toyota Auris,535,Japan
2015,Toyota ,Toyota Auris,574,Japan
2015,Toyota ,Toyota Auris,450,Japan
2015,Toyota ,Toyota Auris,264,Japan
2016,Toyota ,Toyota Auris,300,Japan
2016,Toyota ,Toyota Auris,332,Japan
2016,Toyota ,Toyota Auris,507,Japan
2016,Toyota ,Toyota Auris,428,Japan
2016,Toyota ,Toyota Auris,448,Japan
2016,Toyota ,Toyota Auris,435,Japan
2016,Toyota ,Toyota Auris,251,Japan
2016,Toyota ,Toyota Auris,361,Japan
2016,Toyota ,Toyota Auris,492,Japan
2016,Toyota ,Toyota Auris,339,Japan
2016,Toyota ,Toyota Auris,320,Japan
2016,Toyota ,Toyota Auris,206,Japan
2010,Toyota ,Toyota Avensis,347,Japan
2010,Toyota ,Toyota Avensis,313,Japan
2010,Toyota ,Toyota Avensis,382,Japan
2010,Toyota ,Toyota Avensis,297,Japan
2010,Toyota ,Toyota Avensis,289,Japan
2010,Toyota ,Toyota Avensis,353,Japan
2010,Toyota ,Toyota Avensis,416,Japan
2010,Toyota ,Toyota Avensis,411,Japan
2010,Toyota ,Toyota Avensis,318,Japan
2010,Toyota ,Toyota Avensis,299,Japan
2010,Toyota ,Toyota Avensis,354,Japan
2010,Toyota ,Toyota Avensis,142,Japan
2011,Toyota ,Toyota Avensis,414,Japan
2011,Toyota ,Toyota Avensis,326,Japan
2011,Toyota ,Toyota Avensis,369,Japan
2011,Toyota ,Toyota Avensis,296,Japan
2011,Toyota ,Toyota Avensis,335,Japan
2011,Toyota ,Toyota Avensis,246,Japan
2011,Toyota ,Toyota Avensis,410,Japan
2011,Toyota ,Toyota Avensis,266,Japan
2011,Toyota ,Toyota Avensis,321,Japan
2011,Toyota ,Toyota Avensis,288,Japan
2011,Toyota ,Toyota Avensis,268,Japan
2011,Toyota ,Toyota Avensis,225,Japan
2012,Toyota ,Toyota Avensis,221,Japan
2012,Toyota ,Toyota Avensis,423,Japan
2012,Toyota ,Toyota Avensis,500,Japan
2012,Toyota ,Toyota Avensis,316,Japan
2012,Toyota ,Toyota Avensis,376,Japan
2012,Toyota ,Toyota Avensis,333,Japan
2012,Toyota ,Toyota Avensis,378,Japan
2012,Toyota ,Toyota Avensis,280,Japan
2012,Toyota ,Toyota Avensis,288,Japan
2012,Toyota ,Toyota Avensis,286,Japan
2012,Toyota ,Toyota Avensis,187,Japan
2012,Toyota ,Toyota Avensis,138,Japan
2013,Toyota ,Toyota Avensis,203,Japan
2013,Toyota ,Toyota Avensis,196,Japan
2013,Toyota ,Toyota Avensis,224,Japan
2013,Toyota ,Toyota Avensis,208,Japan
2013,Toyota ,Toyota Avensis,276,Japan
2013,Toyota ,Toyota Avensis,165,Japan
2013,Toyota ,Toyota Avensis,222,Japan
2013,Toyota ,Toyota Avensis,157,Japan
2013,Toyota ,Toyota Avensis,188,Japan
2013,Toyota ,Toyota Avensis,176,Japan
2013,Toyota ,Toyota Avensis,102,Japan
2013,Toyota ,Toyota Avensis,58,Japan
2015,Toyota ,Toyota Avensis,98,Japan
2015,Toyota ,Toyota Avensis,25,Japan
2016,Toyota ,Toyota Avensis,83,Japan
2016,Toyota ,Toyota Avensis,170,Japan
2016,Toyota ,Toyota Avensis,194,Japan
2016,Toyota ,Toyota Avensis,152,Japan
2016,Toyota ,Toyota Avensis,123,Japan
2016,Toyota ,Toyota Avensis,186,Japan
2016,Toyota ,Toyota Avensis,139,Japan
2010,Toyota ,Toyota Prius,403,Japan
2010,Toyota ,Toyota Prius,204,Japan
2010,Toyota ,Toyota Prius,222,Japan
2010,Toyota ,Toyota Prius,200,Japan
2010,Toyota ,Toyota Prius,173,Japan
2010,Toyota ,Toyota Prius,220,Japan
2010,Toyota ,Toyota Prius,199,Japan
2010,Toyota ,Toyota Prius,125,Japan
2010,Toyota ,Toyota Prius,131,Japan
2010,Toyota ,Toyota Prius,155,Japan
2010,Toyota ,Toyota Prius,105,Japan
2010,Toyota ,Toyota Prius,71,Japan
2011,Toyota ,Toyota Prius,173,Japan
2011,Toyota ,Toyota Prius,75,Japan
2012,Toyota ,Toyota Prius,144,Japan
2012,Toyota ,Toyota Prius,324,Japan
2012,Toyota ,Toyota Prius,351,Japan
2012,Toyota ,Toyota Prius,279,Japan
2012,Toyota ,Toyota Prius,188,Japan
2013,Toyota ,Toyota Prius,248,Japan
2013,Toyota ,Toyota Prius,197,Japan
2013,Toyota ,Toyota Prius,154,Japan
2013,Toyota ,Toyota Prius,151,Japan
2013,Toyota ,Toyota Prius,142,Japan
2013,Toyota ,Toyota Prius,118,Japan
2015,Toyota ,Toyota Prius,99,Japan
2015,Toyota ,Toyota Prius,72,Japan
2016,Toyota ,Toyota Prius,55,Japan
2016,Toyota ,Toyota Prius,124,Japan
2016,Toyota ,Toyota Prius,153,Japan
2016,Toyota ,Toyota Prius,195,Japan
2016,Toyota ,Toyota Prius,197,Japan
2016,Toyota ,Toyota Prius,246,Japan
2016,Toyota ,Toyota Prius,186,Japan
2016,Toyota ,Toyota Prius,183,Japan
2016,Toyota ,Toyota Prius,233,Japan
2016,Toyota ,Toyota Prius,166,Japan
2016,Toyota ,Toyota Prius,143,Japan
2016,Toyota ,Toyota Prius,104,Japan
2010,Toyota ,Toyota Rav4,182,Japan
2010,Toyota ,Toyota Rav4,120,Japan
2010,Toyota ,Toyota Rav4,174,Japan
2010,Toyota ,Toyota Rav4,160,Japan
2010,Toyota ,Toyota Rav4,186,Japan
2010,Toyota ,Toyota Rav4,205,Japan
2010,Toyota ,Toyota Rav4,88,Japan
2011,Toyota ,Toyota Rav4,194,Japan
2011,Toyota ,Toyota Rav4,167,Japan
2011,Toyota ,Toyota Rav4,162,Japan
2011,Toyota ,Toyota Rav4,114,Japan
2011,Toyota ,Toyota Rav4,118,Japan
2012,Toyota ,Toyota Rav4,179,Japan
2012,Toyota ,Toyota Rav4,173,Japan
2012,Toyota ,Toyota Rav4,228,Japan
2012,Toyota ,Toyota Rav4,157,Japan
2012,Toyota ,Toyota Rav4,149,Japan
2012,Toyota ,Toyota RAV4,125,Japan
2012,Toyota ,Toyota Rav4,124,Japan
2013,Toyota ,Toyota Rav4,410,Japan
2013,Toyota ,Toyota Rav4,356,Japan
2013,Toyota ,Toyota Rav4,448,Japan
2013,Toyota ,Toyota Rav4,423,Japan
2013,Toyota ,Toyota Rav4,368,Japan
2013,Toyota ,Toyota Rav4,312,Japan
2013,Toyota ,Toyota Rav4,300,Japan
2013,Toyota ,Toyota Rav4,259,Japan
2013,Toyota ,Toyota RAV4,185,Japan
2014,Toyota ,Toyota Rav4,282,Japan
2014,Toyota ,Toyota Rav4,342,Japan
2014,Toyota ,Toyota Rav4,369,Japan
2014,Toyota ,Toyota Rav4,274,Japan
2014,Toyota ,Toyota Rav4,348,Japan
2014,Toyota ,Toyota Rav4,308,Japan
2014,Toyota ,Toyota Rav4,319,Japan
2014,Toyota ,Toyota Rav4,301,Japan
2014,Toyota ,Toyota Rav4,294,Japan
2014,Toyota ,Toyota Rav4,279,Japan
2014,Toyota ,Toyota Rav4,294,Japan
2014,Toyota ,Toyota Rav4,204,Japan
2015,Toyota ,Toyota Rav4,535,Japan
2015,Toyota ,Toyota Rav4,450,Japan
2015,Toyota ,Toyota Rav4,385,Japan
2015,Toyota ,Toyota Rav4,302,Japan
2015,Toyota ,Toyota Rav4,296,Japan
2015,Toyota ,Toyota Rav4,368,Japan
2015,Toyota ,Toyota Rav4,383,Japan
2015,Toyota ,Toyota Rav4,314,Japan
2015,Toyota ,Toyota Rav4,314,Japan
2015,Toyota ,Toyota Rav4,232,Japan
2015,Toyota ,Toyota Rav4,102,Japan
2015,Toyota ,Toyota Rav4,74,Japan
2016,Toyota ,Toyota Rav4,328,Japan
2016,Toyota ,Toyota Rav4,436,Japan
2016,Toyota ,Toyota Rav4,304,Japan
2016,Toyota ,Toyota Rav4,284,Japan
2016,Toyota ,Toyota Rav4,414,Japan
2016,Toyota ,Toyota Rav4,324,Japan
2016,Toyota ,Toyota Rav4,277,Japan
2016,Toyota ,Toyota Rav4,735,Japan
2016,Toyota ,Toyota Rav4,581,Japan
2016,Toyota ,Toyota Rav4,385,Japan
2016,Toyota ,Toyota Rav4,513,Japan
2016,Toyota ,Toyota Rav4,374,Japan
2010,Toyota ,Toyota Urban Cruiser,302,Japan
2010,Toyota ,Toyota Urban Cruiser,178,Japan
2010,Toyota ,Toyota Urban Cruiser,158,Japan
2010,Toyota ,Toyota Urban Cruiser,141,Japan
2010,Toyota ,Toyota Urban Cruiser,134,Japan
2010,Toyota ,Toyota Urban Cruiser,112,Japan
2010,Toyota ,Toyota Urban Cruiser,100,Japan
2010,Toyota ,Toyota Urban Cruiser,157,Japan
2010,Toyota ,Toyota Urban Cruiser,133,Japan
2010,Toyota ,Toyota Urban Cruiser,202,Japan
2010,Toyota ,Toyota Yaris,186,Japan
2010,Toyota ,Toyota Yaris,153,Japan
2010,Toyota ,Toyota Yaris,140,Japan
2010,Toyota ,Toyota Yaris,144,Japan
2010,Toyota ,Toyota Yaris,136,Japan
2010,Toyota ,Toyota Yaris,187,Japan
2010,Toyota ,Toyota Yaris,74,Japan
2011,Toyota ,Toyota Yaris,164,Japan
2011,Toyota ,Toyota Yaris,188,Japan
2011,Toyota ,Toyota Yaris,117,Japan
2011,Toyota ,Toyota Yaris,225,Japan
2011,Toyota ,Toyota Yaris,153,Japan
2011,Toyota ,Toyota Yaris,154,Japan
2011,Toyota ,Toyota Yaris,94,Japan
2011,Toyota ,Toyota Yaris,195,Japan
2011,Toyota ,Toyota Yaris,188,Japan
2012,Toyota ,Toyota Yaris,381,Japan
2012,Toyota ,Toyota Yaris,309,Japan
2012,Toyota ,Toyota Yaris,368,Japan
2012,Toyota ,Toyota Yaris,289,Japan
2012,Toyota ,Toyota Yaris,256,Japan
2012,Toyota ,Toyota Yaris,213,Japan
2012,Toyota ,Toyota Yaris,212,Japan
2012,Toyota ,Toyota Yaris,453,Japan
2012,Toyota ,Toyota Yaris,274,Japan
2012,Toyota ,Toyota Yaris,460,Japan
2012,Toyota ,Toyota Yaris,366,Japan
2012,Toyota ,Toyota Yaris,134,Japan
2013,Toyota ,Toyota Yaris,403,Japan
2013,Toyota ,Toyota Yaris,390,Japan
2013,Toyota ,Toyota Yaris,240,Japan
2013,Toyota ,Toyota Yaris,297,Japan
2013,Toyota ,Toyota Yaris,366,Japan
2013,Toyota ,Toyota Yaris,350,Japan
2013,Toyota ,Toyota Yaris,441,Japan
2013,Toyota ,Toyota Yaris,426,Japan
2013,Toyota ,Toyota Yaris,297,Japan
2013,Toyota ,Toyota Yaris,446,Japan
2013,Toyota ,Toyota Yaris,383,Japan
2013,Toyota ,Toyota Yaris,211,Japan
2014,Toyota ,Toyota Yaris,351,Japan
2014,Toyota ,Toyota Yaris,314,Japan
2014,Toyota ,Toyota Yaris,304,Japan
2014,Toyota ,Toyota Yaris,268,Japan
2014,Toyota ,Toyota Yaris,378,Japan
2014,Toyota ,Toyota Yaris,331,Japan
2014,Toyota ,Toyota Yaris,289,Japan
2014,Toyota ,Toyota Yaris,204,Japan
2014,Toyota ,Toyota Yaris,339,Japan
2014,Toyota ,Toyota Yaris,440,Japan
2014,Toyota ,Toyota Yaris,361,Japan
2014,Toyota ,Toyota Yaris,312,Japan
2015,Toyota ,Toyota Yaris,328,Japan
2015,Toyota ,Toyota Yaris,338,Japan
2015,Toyota ,Toyota Yaris,379,Japan
2015,Toyota ,Toyota Yaris,330,Japan
2015,Toyota ,Toyota Yaris,371,Japan
2015,Toyota ,Toyota Yaris,371,Japan
2015,Toyota ,Toyota Yaris,401,Japan
2015,Toyota ,Toyota Yaris,338,Japan
2015,Toyota ,Toyota Yaris,364,Japan
2015,Toyota ,Toyota Yaris,379,Japan
2015,Toyota ,Toyota Yaris,334,Japan
2015,Toyota ,Toyota Yaris,281,Japan
2016,Toyota ,Toyota Yaris,317,Japan
2016,Toyota ,Toyota Yaris,296,Japan
2016,Toyota ,Toyota Yaris,361,Japan
2016,Toyota ,Toyota Yaris,362,Japan
2016,Toyota ,Toyota Yaris,483,Japan
2016,Toyota ,Toyota Yaris,391,Japan
2016,Toyota ,Toyota Yaris,266,Japan
2016,Toyota ,Toyota Yaris,410,Japan
2016,Toyota ,Toyota Yaris,405,Japan
2016,Toyota ,Toyota Yaris,353,Japan
2016,Toyota ,Toyota Yaris,311,Japan
2016,Toyota ,Toyota Yaris,292,Japan
2010,Volkswagen ,Volkswagen Golf,739,Germany
2010,Volkswagen ,Volkswagen Golf,597,Germany
2010,Volkswagen ,Volkswagen Golf,601,Germany
2010,Volkswagen ,Volkswagen Golf,763,Germany
2010,Volkswagen ,Volkswagen Golf,559,Germany
2010,Volkswagen ,Volkswagen Golf,671,Germany
2010,Volkswagen ,Volkswagen Golf,893,Germany
2010,Volkswagen ,Volkswagen Golf,544,Germany
2010,Volkswagen ,Volkswagen Golf,670,Germany
2010,Volkswagen ,Volkswagen Golf,742,Germany
2010,Volkswagen ,Volkswagen Golf,913,Germany
2010,Volkswagen ,Volkswagen Golf,537,Germany
2011,Volkswagen ,Volkswagen Golf,637,Germany
2011,Volkswagen ,Volkswagen Golf,532,Germany
2011,Volkswagen ,Volkswagen Golf,714,Germany
2011,Volkswagen ,Volkswagen Golf,680,Germany
2011,Volkswagen ,Volkswagen Golf,611,Germany
2011,Volkswagen ,Volkswagen Golf,391,Germany
2011,Volkswagen ,Volkswagen Golf,636,Germany
2011,Volkswagen ,Volkswagen Golf,668,Germany
2011,Volkswagen ,Volkswagen Golf,608,Germany
2011,Volkswagen ,Volkswagen Golf,667,Germany
2011,Volkswagen ,Volkswagen Golf,619,Germany
2011,Volkswagen ,Volkswagen Golf,607,Germany
2012,Volkswagen ,Volkswagen Golf,482,Germany
2012,Volkswagen ,Volkswagen Golf,377,Germany
2012,Volkswagen ,Volkswagen Golf,599,Germany
2012,Volkswagen ,Volkswagen Golf,685,Germany
2012,Volkswagen ,Volkswagen Golf,555,Germany
2012,Volkswagen ,Volkswagen Golf,377,Germany
2012,Volkswagen ,Volkswagen Golf,612,Germany
2012,Volkswagen ,Volkswagen Golf,566,Germany
2012,Volkswagen ,Volkswagen Golf,461,Germany
2012,Volkswagen ,Volkswagen Golf,483,Germany
2012,Volkswagen ,Volkswagen Golf,664,Germany
2012,Volkswagen ,Volkswagen Golf,452,Germany
2013,Volkswagen ,Volkswagen Golf,733,Germany
2013,Volkswagen ,Volkswagen Golf,678,Germany
2013,Volkswagen ,Volkswagen Golf,555,Germany
2013,Volkswagen ,Volkswagen Golf,903,Germany
2013,Volkswagen ,Volkswagen Golf,512,Germany
2013,Volkswagen ,Volkswagen Golf,550,Germany
2013,Volkswagen ,Volkswagen Golf,587,Germany
2013,Volkswagen ,Volkswagen Golf,514,Germany
2013,Volkswagen ,Volkswagen Golf,561,Germany
2013,Volkswagen ,Volkswagen Golf,646,Germany
2013,Volkswagen ,Volkswagen Golf,666,Germany
2013,Volkswagen ,Volkswagen Golf,461,Germany
2014,Volkswagen ,Volkswagen Golf,465,Germany
2014,Volkswagen ,Volkswagen Golf,488,Germany
2014,Volkswagen ,Volkswagen Golf,624,Germany
2014,Volkswagen ,Volkswagen Golf,766,Germany
2014,Volkswagen ,Volkswagen Golf,565,Germany
2014,Volkswagen ,Volkswagen Golf,723,Germany
2014,Volkswagen ,Volkswagen Golf,1136,Germany
2014,Volkswagen ,Volkswagen Golf,1075,Germany
2014,Volkswagen ,Volkswagen Golf,939,Germany
2014,Volkswagen ,Volkswagen Golf,1038,Germany
2014,Volkswagen ,Volkswagen Golf,870,Germany
2014,Volkswagen ,Volkswagen Golf,990,Germany
2015,Volkswagen ,Volkswagen Golf,1313,Germany
2015,Volkswagen ,Volkswagen Golf,1199,Germany
2015,Volkswagen ,Volkswagen Golf,1421,Germany
2015,Volkswagen ,Volkswagen Golf,1595,Germany
2015,Volkswagen ,Volkswagen Golf,1323,Germany
2015,Volkswagen ,Volkswagen Golf,1626,Germany
2015,Volkswagen ,Volkswagen Golf,1542,Germany
2015,Volkswagen ,Volkswagen Golf,1414,Germany
2015,Volkswagen ,Volkswagen Golf,1102,Germany
2015,Volkswagen ,Volkswagen Golf,1368,Germany
2015,Volkswagen ,Volkswagen Golf,1435,Germany
2015,Volkswagen ,Volkswagen Golf,1050,Germany
2016,Volkswagen ,Volkswagen Golf,998,Germany
2016,Volkswagen ,Volkswagen Golf,1247,Germany
2016,Volkswagen ,Volkswagen Golf,1414,Germany
2016,Volkswagen ,Volkswagen Golf,1713,Germany
2016,Volkswagen ,Volkswagen Golf,1054,Germany
2016,Volkswagen ,Volkswagen Golf,1056,Germany
2016,Volkswagen ,Volkswagen Golf,972,Germany
2016,Volkswagen ,Volkswagen Golf,1214,Germany
2016,Volkswagen ,Volkswagen Golf,996,Germany
2016,Volkswagen ,Volkswagen Golf,858,Germany
2016,Volkswagen ,Volkswagen Golf,905,Germany
2016,Volkswagen ,Volkswagen Golf,721,Germany
2010,Volkswagen ,Volkswagen Passat,299,Germany
2010,Volkswagen ,Volkswagen Passat,311,Germany
2010,Volkswagen ,Volkswagen Passat,329,Germany
2010,Volkswagen ,Volkswagen Passat,370,Germany
2010,Volkswagen ,Volkswagen Passat,334,Germany
2010,Volkswagen ,Volkswagen Passat,262,Germany
2010,Volkswagen ,Volkswagen Passat,347,Germany
2010,Volkswagen ,Volkswagen Passat,249,Germany
2010,Volkswagen ,Volkswagen Passat,235,Germany
2010,Volkswagen ,Volkswagen Passat,168,Germany
2010,Volkswagen ,Volkswagen Passat,80,Germany
2010,Volkswagen ,Volkswagen Passat,178,Germany
2011,Volkswagen ,Volkswagen Passat,269,Germany
2011,Volkswagen ,Volkswagen Passat,319,Germany
2011,Volkswagen ,Volkswagen Passat,347,Germany
2011,Volkswagen ,Volkswagen Passat,432,Germany
2011,Volkswagen ,Volkswagen Passat,581,Germany
2011,Volkswagen ,Volkswagen Passat,411,Germany
2011,Volkswagen ,Volkswagen Passat,329,Germany
2011,Volkswagen ,Volkswagen Passat,406,Germany
2011,Volkswagen ,Volkswagen Passat,342,Germany
2011,Volkswagen ,Volkswagen Passat,361,Germany
2011,Volkswagen ,Volkswagen Passat,396,Germany
2011,Volkswagen ,Volkswagen Passat,415,Germany
2012,Volkswagen ,Volkswagen Passat,290,Germany
2012,Volkswagen ,Volkswagen Passat,263,Germany
2012,Volkswagen ,Volkswagen Passat,332,Germany
2012,Volkswagen ,Volkswagen Passat,397,Germany
2012,Volkswagen ,Volkswagen Passat,417,Germany
2012,Volkswagen ,Volkswagen Passat,349,Germany
2012,Volkswagen ,Volkswagen Passat,420,Germany
2012,Volkswagen ,Volkswagen Passat,340,Germany
2012,Volkswagen ,Volkswagen Passat,321,Germany
2012,Volkswagen ,Volkswagen Passat,391,Germany
2012,Volkswagen ,Volkswagen Passat,376,Germany
2012,Volkswagen ,Volkswagen Passat,252,Germany
2013,Volkswagen ,Volkswagen Passat,245,Germany
2013,Volkswagen ,Volkswagen Passat,274,Germany
2013,Volkswagen ,Volkswagen Passat,258,Germany
2013,Volkswagen ,Volkswagen Passat,324,Germany
2013,Volkswagen ,Volkswagen Passat,256,Germany
2013,Volkswagen ,Volkswagen Passat,281,Germany
2013,Volkswagen ,Volkswagen Passat,222,Germany
2013,Volkswagen ,Volkswagen Passat,226,Germany
2013,Volkswagen ,Volkswagen Passat,250,Germany
2013,Volkswagen ,Volkswagen Passat,239,Germany
2013,Volkswagen ,Volkswagen Passat,243,Germany
2013,Volkswagen ,Volkswagen Passat,179,Germany
2014,Volkswagen ,Volkswagen Passat,207,Germany
2014,Volkswagen ,Volkswagen Passat,211,Germany
2014,Volkswagen ,Volkswagen Passat,190,Germany
2014,Volkswagen ,Volkswagen Passat,290,Germany
2014,Volkswagen ,Volkswagen Passat,206,Germany
2014,Volkswagen ,Volkswagen Passat,195,Germany
2014,Volkswagen ,Volkswagen Passat,188,Germany
2014,Volkswagen ,Volkswagen Passat,169,Germany
2014,Volkswagen ,Volkswagen Passat,143,Germany
2014,Volkswagen ,Volkswagen Passat,169,Germany
2014,Volkswagen ,Volkswagen Passat,167,Germany
2014,Volkswagen ,Volkswagen Passat,324,Germany
2015,Volkswagen ,Volkswagen Passat,254,Germany
2015,Volkswagen ,Volkswagen Passat,204,Germany
2015,Volkswagen ,Volkswagen Passat,229,Germany
2015,Volkswagen ,Volkswagen Passat,354,Germany
2015,Volkswagen ,Volkswagen Passat,236,Germany
2015,Volkswagen ,Volkswagen Passat,308,Germany
2015,Volkswagen ,Volkswagen Passat,356,Germany
2015,Volkswagen ,Volkswagen Passat,240,Germany
2015,Volkswagen ,Volkswagen Passat,184,Germany
2015,Volkswagen ,Volkswagen Passat,286,Germany
2015,Volkswagen ,Volkswagen Passat,358,Germany
2015,Volkswagen ,Volkswagen Passat,198,Germany
2016,Volkswagen ,Volkswagen Passat,236,Germany
2016,Volkswagen ,Volkswagen Passat,310,Germany
2016,Volkswagen ,Volkswagen Passat,372,Germany
2016,Volkswagen ,Volkswagen Passat,684,Germany
2016,Volkswagen ,Volkswagen Passat,530,Germany
2016,Volkswagen ,Volkswagen Passat,463,Germany
2016,Volkswagen ,Volkswagen Passat,444,Germany
2016,Volkswagen ,Volkswagen Passat,358,Germany
2016,Volkswagen ,Volkswagen Passat,314,Germany
2016,Volkswagen ,Volkswagen Passat,487,Germany
2016,Volkswagen ,Volkswagen Passat,316,Germany
2016,Volkswagen ,Volkswagen Passat,299,Germany
2010,Volkswagen ,Volkswagen Polo,3310,Germany
2011,Volkswagen ,Volkswagen Polo,3301,Germany
2012,Volkswagen ,Volkswagen Polo,3179,Germany
2013,Volkswagen ,Volkswagen Polo,578,Germany
2015,Volkswagen ,Volkswagen Polo,139,Germany
2015,Volkswagen ,Volkswagen Polo,183,Germany
2016,Volkswagen ,Volkswagen Polo,144,Germany
2016,Volkswagen ,Volkswagen Polo,111,Germany
2016,Volkswagen ,Volkswagen Polo,118,Germany
2016,Volkswagen ,Volkswagen Polo,227,Germany
2016,Volkswagen ,Volkswagen Polo,159,Germany
2016,Volkswagen ,Volkswagen Polo,143,Germany
2016,Volkswagen ,Volkswagen Polo,145,Germany
2010,Volkswagen ,Volkswagen Tiguan,2252,Germany
2011,Volkswagen ,Volkswagen Tiguan,2158,Germany
2012,Volkswagen ,Volkswagen Tiguan,3336,Germany
2013,Volkswagen ,Volkswagen Tiguan,3274,Germany
2014,Volkswagen ,Volkswagen Tiguan,3231,Germany
2015,Volkswagen ,Volkswagen Tiguan,118,Germany
2016,Volkswagen ,Volkswagen Tiguan,1305,Germany
2011,Volkswagen ,Volkswagen Touran,867,Germany
2016,Volkswagen ,Volkswagen Touran,135,Germany
2012,Volkswagen ,Volkswagen up!,208,Germany
2013,Volkswagen ,Volkswagen up!,442,Germany
2014,Volkswagen ,Volkswagen up!,3180,Germany
2015,Volkswagen ,Volkswagen up!,2194,Germany
2016,Volkswagen ,Volkswagen up!,1165,Germany
2013,Volvo ,Volvo V40,2403,China
2014,Volvo ,Volvo V40,2009,China
2015,Volvo ,Volvo V40,400,China
2016,Volvo ,Volvo V40,226,China
2010,Volvo ,Volvo V50,1766,China
2011,Volvo ,Volvo V50,1580,China
2012,Volvo ,Volvo V50,2320,China
2011,Volvo ,Volvo V60,2268,China
2012,Volvo ,Volvo V60,2860,China
2013,Volvo ,Volvo V60,2407,China
2015,Volvo ,Volvo V60,553,China
2010,Volvo ,Volvo V70,4635,China
2011,Volvo ,Volvo V70,4052,China
2012,Volvo ,Volvo V70,3860,China
2013,Volvo ,Volvo V70,3172,China
2014,Volvo ,Volvo V70,3101,China
2015,Volvo ,Volvo V70,2611,China
2016,Volvo ,Volvo V70,1116,China
2010,Volvo ,Volvo XC60,777,China
2011,Volvo ,Volvo XC60,1922,China
2012,Volvo ,Volvo XC60,1815,China
2013,Volvo ,Volvo XC60,878,China
2014,Volvo ,Volvo XC60,1174,China
2015,Volvo ,Volvo XC60,1988,China
2016,Volvo ,Volvo XC60,646,China
2016,Volvo ,Volvo XC90,1066,China